username,name,email_address,address,details_about_guest,dob,gender,country,state,city,hobby
Pavan Mohankar,Pavan Mohankar,swapnil@gmail.com,At satgaon kinhala,<p>jn nm&nbsp;</p>,,,,,,
,0000-00-00,Male,India,Maharashtra,Bbb, Adventure |  Singing |  Sketing,,,,
Pavan Mohankar,Vaibhav,vaibhav@gmail.com,At satgaon kinhala,<p>abcd</p>,,,,,,
,0000-00-00,Male,India,Maharashtra,Thane, Adventure |  Singing,,,,
Pavan Mohankar,Ishu,ishu@gmail.com,ridhora east,hello,,,,,,
,0000-00-00,Female,Nepal,Gandaki,Pokhara, Adventure |  Dancing,,,,
Pavan Mohankar,Priti,priti@gmail.com,Nagpur,Abc,0000-00-00,Male,India,Maharashtra,Thane, Playing
Pavan Mohankar,Swapnil agarkar,swapnil1@gmail.com,jamsawli,<p>aaa</p>,,,,,,
,0000-00-00,Male,Nepal,Gandaki,Pokhara, Adventure,,,,
Pavan Mohankar,jay,jay@gmail.com,jamsawli,<p>sdghsgdfuqda</p>,,,,,, 
,0000-00-00,Male,Nepal,Gandaki,Pokhara, Adventure |  Dancing,,,,
